First Name,Last Name,Company Name,Street Address,City,State,Zip Code
MAURICIO,EURIA,SKAMBA @DMINI$TRATI%N,20 THATCHER AVE,WEBSTER,NY,14580-9379
EMEM,VIJAY,POSTOSE COMPANY,8366 SHIPLEY AVENUE,SOUTH WINDSOR,CT,6074
MAUREEN,GERGELY,AVIDEO INCORPORATED,87 WENTWORTH CT,ENGLISHTOWN,NJ,7726
VILHELMIINA,KAZIMIR,TWIMM ENTERPRISE,990 WALL AVE,MUSCATINE,IA,52761-5540
DUILIO,LACEY,TEN!C L@BOR@TORY,8714 BIG ROCK COVE AVE,KENOSHA,WI,53140-2518
UMBERTO,CORNELIUS,SUPRAMBEE LIMITED,9 EAST MARCONI DRIVE,PARK RIDGE,ILLINOIS,60068
DAVID,SUNAN,DUZU MANAGEMENT,415 3RD DR,NEW CASTLE,PA,16101
ZILPAH,AOIFE,VIVEO GROUP,11839 SW 102 ST,MIAMI,FL,33186-2748
HIAWATHA,THEOPHIL,EPINTE NATIONAL,41 CEDAR SWAMP ST,GLEN BURNIE,MD,21060
BOB,CLEDWYN,EXECUMBU DIVISION,31 EAST STATE ST,CUMMING,GEORGIA,30040-8901
